質問,メンバー回答,参照先雑誌
生年月日、血液型、身長、体重、靴、視力。,aki：1970.10.10、169cm、51kg、25.5cm、1.0、O型。 / Kouichi：45年8月3日、O型、180cm、140kg、25.5、0.1。 / Junji：S49.8月9日、A型、175cm、52kg、25.5kg、両方1.5。 / Tomoi：1970.11.17、O型、177cm、65kg、26.5cm、右1.5、左0.004。,ROCKiT! No.28 (1997年11月）
今一番気に入っているCD（レコード）3枚。,aki：ピーター「ホモジェニック」、クールシックチャイルド「SPIDER」、SPEED「Starting Over」。 / Kouichi：イングウェイ「セブンス・サイン」、Cocco「ブーゲンビリア」、ナイン・インチ・ネイルズ「ダウンワードスパイラル」。 / Junji：Björk「Homogenic」、RADIOHEAD「O.K Computer」、J「Pyromania」。 / Tomoi：Rush「COUNTER PARTS」、LOUDNESS「THE VERY BEST OF LOUDNESS」、TOTO「TURN BACK」。,ROCKiT! No.28 (1997年11月）
10代の頃好きだった人（ミュージシャン）を3人。,aki：モーリー、デッドエンド、バキ/ガスタンク、藤井フミヤ/チェッカーズ。 / Kouichi：イングウェイ・J・マルムスティーン。 / Junji：Nikki Sixx、Bono、Daniel Ash。 / Tomoi：DEAD END、TOTO、MÖTLEY CRÜE。,ROCKiT! No.28 (1997年11月）
自分たちの曲の中で（良くも悪くも）印象深い曲。,aki：奈落の底。 / Kouichi：こもれび。 / Junji：eve。 / Tomoi：Four leaf clover。,ROCKiT! No.28 (1997年11月）
好きな小説、映画、マンガ（作家名も）。,aki：「斜陽」太宰治、「ジョー・シャンクの空に」、「時計仕掛けのオレンジ」、「妹の恋人」、「湾岸MID NIGHT」、「イニシャルD」「サンクチュアリ」。 / Kouichi：？ / Junji：「Fifth element」はおもしろかった。 / Tomoi：「ロッキー」、「ろくでなしブルース」/森田まさのり。,ROCKiT! No.28 (1997年11月）
主に作詞＆作曲をする場所。,aki：部屋。 / Kouichi：部屋。 / Junji：家。 / Tomoi：してません。,ROCKiT! No.28 (1997年11月）
ライブ中の失敗談。,aki：「やんのか、やんねぇのか、どっちだよ！」と逆ギレした。 / Kouichi：ダイブ失敗。 / Junji：特効があるのを忘れて前に出ていた。 / Tomoi：曲順、曲の構成の間違い。,ROCKiT! No.28 (1997年11月）
バンド名を決めた人。,aki：僕。 / Kouichi：akiらしい。 / Junji：aki。 / Tomoi：aki。,ROCKiT! No.28 (1997年11月）
メジャー・デビュー後、一番笑ったこと。,aki：こういち君。 / Kouichi：いつもわらっている。 / Junji：わすれた。 / Tomoi：東芝EMIの社風。,ROCKiT! No.28 (1997年11月）
メジャー・デビュー後一番怒ったこと。,aki：加トちゃん（マネージャー）。 / Kouichi：特になし。 / Junji：あまり怒らない。 / Tomoi：ディレクターの酒ぐせ。,ROCKiT! No.28 (1997年11月）
楽器歴（機種＆どれくらい）。,aki：Vo→12年、GとBを少々。（Drはうち打ちがTomoi君にVoのかわりにうまいといわれた。） / Kouichi：ギター9年。 / Junji：Bassは3年。 / Tomoi：Drum12年くらい（正味はわからない）Guitar練習中。,ROCKiT! No.28 (1997年11月）
ツアー先での空き時間＆ライブの過ごし方。,aki：フィギュア、G-ショック探し。ライブ後は打ち上げで飲む。 / Kouichi：映画。 / Junji：ギャンブル。 / Tomoi：買い物、パチンコ、食べ歩き。,ROCKiT! No.28 (1997年11月）
自分の部屋でのBGM。,aki：ほぼ無音。 / Kouichi：Cocco。 / Junji：毎日かわる。 / Tomoi：RockからPopsまでいろいろと…。,ROCKiT! No.28 (1997年11月）
最近一番お金をかけている物or夢。,aki：スターウォーズ、G-ショック、服。 / Kouichi：引っ越し。 / Junji：なし。 / Tomoi：Drum。,ROCKiT! No.28 (1997年11月）
酒を飲む時は何をどのくらい、誰と飲む。,aki：ビール、日本酒他、何でもたしなむていど。 / Kouichi：かなり色々。 / Junji：メンバー＆友人と飲むが僕はあまり飲めません。 / Tomoi：ウィスキーロックを10杯。メンバー＆スタッフと。,ROCKiT! No.28 (1997年11月）
煙草を吸うとしたら何をどの位吸う。,aki：バージニアスリムライトメンソールを1日2箱。 / Kouichi：キャビン50本。 / Junji：マイルドセブンライト。 / Tomoi：吸わない。,ROCKiT! No.28 (1997年11月）
音楽以外の趣味。,aki：車、フィギュア、時計コレクション、MAC。 / Kouichi：ゲーム。 / Junji：CD、服。 / Tomoi：料理、野球、釣り。,ROCKiT! No.28 (1997年11月）
平均睡眠時間。,aki：4〜5時間。 / Kouichi：たくさん。 / Junji：3〜10時間。 / Tomoi：最近は短い。,ROCKiT! No.28 (1997年11月）
平均入浴時間＆どこから洗うか。,aki：40〜60分、フッフッフッ……。 / Kouichi：15分、頭。 / Junji：20分くらい、髪から。 / Tomoi：15〜20分、髪から。,ROCKiT! No.28 (1997年11月）
自分の住んでいる部屋の間取り。,aki：1DK。 / Kouichi：1DK。 / Junji：ワンルーム。 / Tomoi：ワンルーム。,ROCKiT! No.28 (1997年11月）
生活信条……と、そのようにできているか。,aki：「お金はためるものではなくたまるものだ」できていない。 / Kouichi：時間厳守、できない。 / Junji：朝、ちゃんと起きるようになりたい。 / Tomoi：特にない。,ROCKiT! No.28 (1997年11月）
家族構成。,aki：普通。 / Kouichi：ないしょ。 / Junji：父、母、兄。 / Tomoi：内緒。,ROCKiT! No.28 (1997年11月）
家族には何と呼ばれていたか。,aki：僕ちゃん。 / Kouichi：そのまま。 / Junji：ひみつ。 / Tomoi：内緒。,ROCKiT! No.28 (1997年11月）
本名。,aki：それはまだ言えん。 / Kouichi：たなかこういち。 / Junji：？ / Tomoi：内緒。,ROCKiT! No.28 (1997年11月）
衣食住以外で生きていく為に欠かせない物。,aki：女の子。 / Kouichi：タバコ。 / Junji：CD、ラジカセ。 / Tomoi：音楽。,ROCKiT! No.28 (1997年11月）
習い事の経歴。,aki：特になし。 / Kouichi：習字。 / Junji：水泳。 / Tomoi：習字、水泳、ドラム。,ROCKiT! No.28 (1997年11月）
常備薬。,aki：胃薬、のどシュッシュ。 / Kouichi：胃薬。 / Junji：ビタミン剤。 / Tomoi：ない。,ROCKiT! No.28 (1997年11月）
持っている免許の種類。,aki：普通免許。 / Kouichi：自動車。 / Junji：普通免許。 / Tomoi：普通免許。,ROCKiT! No.28 (1997年11月）
話す事と書くこと、どちらかといえば。,aki：どちらでも。 / Kouichi：話す。 / Junji：どちらもあまり……。 / Tomoi：話すこと。,ROCKiT! No.28 (1997年11月）
自分達に似合いのライブ空間とは。,aki：ライブハウスからマジソンスクエアガーデンまでどこでも似合う。 / Kouichi：どこでも似合う。 / Junji：どこでも。 / Tomoi：どこでもやる！,ROCKiT! No.28 (1997年11月）
ライバル・バンド。,aki：いない。 / Kouichi：すべて。 / Junji：すべて。 / Tomoi：たくさんいる。,ROCKiT! No.28 (1997年11月）
売れそうだと予測しているバンド。,aki：わかんない。 / Kouichi：興味なし。 / Junji：？ / Tomoi：言えるほど、エラくない。,ROCKiT! No.28 (1997年11月）
ヘアスタイルや衣装、今後の展望（自分の）。,aki：ラフ。 / Kouichi：モヒカン（おしゃれなやつ）。 / Junji：その時によって変わる。今後いろいろとためしたい。 / Tomoi：気の向くままに。,ROCKiT! No.28 (1997年11月）
バイト歴。,aki：いっぱい。 / Kouichi：なし。 / Junji：ウェイター。 / Tomoi：スーパーマーケット、コンビニ、コンサートスタッフ、2tトラック配送、喫茶店。,ROCKiT! No.28 (1997年11月）
街に出る時のスタイル。,aki：ラフ。 / Kouichi：普段。 / Junji：できとうな。 / Tomoi：ジーンズ系。,ROCKiT! No.28 (1997年11月）
ライブのとき、目につくタイプの女の子とは。,aki：コスプレ。 / Kouichi：最前（目が悪いので）。 / Junji：かわったかっこうをした人。 / Tomoi：コスプレ（特にakiの）。,ROCKiT! No.28 (1997年11月）
プレゼント、もらって嬉しいもの。,aki：身に付けられるもの、レアG-ショック。 / Kouichi：動物以外。 / Junji：なんでも。 / Tomoi：手紙、服。,ROCKiT! No.28 (1997年11月）
使用化粧品＆アクセサリーのポイント。,aki：化粧品はヘアメイクの方におまかせ、アクセはシンプル。 / Kouichi：特になし。 / Junji：いらない、気に入ったもの。 / Tomoi：特にない。,ROCKiT! No.28 (1997年11月）
女の子への口説き文句。,aki：口説けないけど行きたい。 / Kouichi：色々。 / Junji：なし。 / Tomoi：？,ROCKiT! No.28 (1997年11月）
恋人の浮気現場を発見したなら。,aki：電柱の影で涙する。そして舌をかむ。さよなら…。 / Kouichi：Cool。 / Junji：なし。 / Tomoi：別れる、キレる。,ROCKiT! No.28 (1997年11月）
理想的な死に方。,aki：痛くなくて苦しくないやつ。 / Kouichi：死なない。 / Junji：眠ってる間。 / Tomoi：静かに死ぬ。,ROCKiT! No.28 (1997年11月）
似てる、と言われたことのある人物。,aki：あまりいない。 / Kouichi：本田やすお。 / Junji：ラクリマのメンバー、ASAKI（Guniw）。 / Tomoi：「北の国から」の純君。,ROCKiT! No.28 (1997年11月）
ロック・ミュージシャンの友人。,aki：ラクリマクリスティー。 / Kouichi：ラクリマ（りゅうせい以外）。 / Junji：ラクリマのメンバー、ASAKI（GUNIW TOOLS）。 TomoiFLa’cryma Christi. ——— / Tomoi：La’cryma Christi.,ROCKiT! No.28 (1997年11月）
主に使用している※器のメーカー＆機種名。,aki：作曲用にESPのギターとペースとMac7300/180 BOMBとスタジオ用にパワーブック1400/11748MB。 / Kouichi：ESP Guitar Kouichiモデル。 / Junji：ESP. BUZZ. / Tomoi：Set: PEARLのMX。Snare：PEARLのプラスシェルの6（10年前のやつ）。Cymbal ： AII SABIAN。,ROCKiT! No.30 (1998年4月）
ツアーの必需品として必ず持参する物。,aki：パワーブック（ノートパソコン）。 / Kouichi：特になし。 / Junji：CDっぱい。 / Tomoi：CDウォークマン。,ROCKiT! No.30 (1998年4月）
ライヴを円滑にこなす為に必ず行なう事。,aki：たっぷりすいみん。 / Kouichi：脱立て伏せ。 / Junji：セッセ。 / Tomoi：リハーサルをしっかりやる。,ROCKiT! No.30 (1998年4月）
レコーディングを円滑にこなすために必ず行なう事。,aki：たっぷりすいみん。 / Kouichi：部屋に戻ったら酒を飲む。 / Junji：左手にテーピングを巻く。 / Tomoi：プリプロをしっかりやる。,ROCKiT! No.30 (1998年4月）
ツアー中の平均的なリハーサル所要時間。,aki：1時間～1時間半。 / Kouichi：約5時間？ / Junji：1時間30分くらい。 / Tomoi：1時間～1時間半。,ROCKiT! No.30 (1998年4月）
絶対音感はあるか。,aki：ない。 / Kouichi：ないでしょう。 / Junji：ない。 / Tomoi：ない。,ROCKiT! No.30 (1998年4月）
小・中・高を通じての音楽の成績。,aki：6・4・2。 / Kouichi：かなり悪し。 / Junji：3or 3or4. / Tomoi：3か4。,ROCKiT! No.30 (1998年4月）
小・中・高を通じての得意科目。,aki：美術・ホームルーム。 / Kouichi：特になし。 / Junji：体育、英語。 / Tomoi：社会（特に地理）。,ROCKiT! No.30 (1998年4月）
小・中・高を通じての不得意科目。,aki：道徳。 / Kouichi：かなり多し。 / Junji：数学。 / Tomoi：理数系。,ROCKiT! No.30 (1998年4月）
少年時代ひんぱんにあった音楽との接触方法。(1)どんな形で。,aki：テレビ。 / Kouichi：特になし。 / Junji：家、クラブ。 / Tomoi：親がカーペンターズが好きで、幼稚園のころから部屋で流れてた。,ROCKiT! No.30 (1998年4月）
少年時代ひんぱんにあった音楽との接触方法。(2) いつぐらいの時から。,aki：おぼえてないけど物心ついた時から。 / Kouichi：つい最近。 / Junji：中学生。 / Tomoi：3才くらい。,ROCKiT! No.30 (1998年4月）
情操教育として幼年期から音楽をかされたか。,aki：たぶん演歌を聴かされた。 / Kouichi：なし。 / Junji：かるく。 / Tomoi：ない。,ROCKiT! No.30 (1998年4月）
理想的なTVへの出演形態とは。,aki：：あまり興味ない。 / Kouichi：ゴールデン・タイムにライヴ生中継。 / Junji：なし。 / Tomoi：世界観が伝わるようにする。,ROCKiT! No.30 (1998年4月）
理想的な雑誌への出演形態とは。,aki：あまり興味ない。 / Kouichi：別冊 Laputa。 / Junji：別冊。 / Tomoi：上に同じ。,ROCKiT! No.30 (1998年4月）
自分を信長、秀吉、家康に例えるならば。,aki：例えようがない。 / Kouichi：信長。 / Junji：秀吉。 / Tomoi：信長。,ROCKiT! No.30 (1998年4月）
アルバイトの遍歴。,aki：とにかくたくさんした。 / Kouichi：かなり。 / Junji：ウェイター。 / Tomoi：たくさん。,ROCKiT! No.30 (1998年4月）
酒の遍歴。,aki：たくさん飲んだ。 / Kouichi：かなり。 / Junji：ラムを少々。 / Tomoi：弱い。,ROCKiT! No.30 (1998年4月）
パクチの遍歴。,aki：たくさん負けた。 / Kouichi：きらい。 / Junji：なし。パチンコくらい。 / Tomoi：しない。,ROCKiT! No.30 (1998年4月）
女性の遍歴。,aki：フッフッフッ・・。 / Kouichi：かなり。 / Junji：昔のことはあまり。 / Tomoi：?,ROCKiT! No.30 (1998年4月）
得意料理。,aki：ペペロンチーニ。 / Kouichi：ひやむぎ。 / Junji：作らない。 / Tomoi：カレー、おでん、チャーハンなど。,ROCKiT! No.30 (1998年4月）
ファンに望む事。,aki：みんななかよく！ / Kouichi：肉食わせて。 / Junji：これからもよろしく・・・・・・僕のあとをつけないで。 / Tomoi：ムカつくようなことをするな！,ROCKiT! No.30 (1998年4月）
スタッフ（事務所＆レコード会社）に望む事。,aki：みんな楽しく仲良くやっていきたい。人事異動をもう少しへらしてほしい。 / Kouichi：肉食わせる！ / Junji：別になし。今いいから。 / Tomoi：一緒に進化する。,ROCKiT! No.30 (1998年4月）
カメラマンに望む事。,aki：6 1/2（ろくはん）。 / Kouichi：なにもなし。 / Junji：いろんな写真を撮って下さい。 / Tomoi：世界観を出して！,ROCKiT! No.30 (1998年4月）
ライターに望む事。,aki：特になし。 / Kouichi：正直な話を。 / Junji：おもしろいのよろしくお願いします。 / Tomoi：上に同じ。,ROCKiT! No.30 (1998年4月）
編集者に望む事。,aki：特になし。 / Kouichi：わからない。 / Junji：これからもよろしくお願いします。 / Tomoi：上に同じ。,ROCKiT! No.30 (1998年4月）
支持するプロ球団。,aki：興味なし。 / Kouichi：あまり好きじゃない。 / Junji：中日。 / Tomoi：中日ドラゴンズ。,ROCKiT! No.30 (1998年4月）
自分の製型の変温、その理由。,aki：あんまり変わってないが、傷んだのでこの前切った。 / Kouichi：リーゼント。実は似合う。 / Junji：ずっと長髪、ストレート。 / Tomoi：特にない。気の向くまま。,ROCKiT! No.30 (1998年4月）
ライヴで涙した事があるとすればいつ、何故。,aki：はて？ / Kouichi：「木漏れ日」のサビ。聴いてくれ。 / Junji：まだありません。 / Tomoi：ない。,ROCKiT! No.30 (1998年4月）
一億円の臨時収入、その使い道。,aki：そんな事はありえないが、いつも”あったらあっただげ”つかってしまうので、すぐ何かに遣ってしまうと思う。 / Kouichi：貯金。 / Junji：とにかくつかう。 / Tomoi：いい家に引っ越しする。,ROCKiT! No.30 (1998年4月）
アイドル、好みのタイプ。,aki：ふつうの子がいい。 / Kouichi：すべてはフィーリング。 / Junji：カヒミ。 / Tomoi：ないしょ。,ROCKiT! No.30 (1998年4月）
くせ。,aki：肩こり。 / Kouichi：ないと思う。 / Junji：わからない。 / Tomoi：髪をいじる。,ROCKiT! No.30 (1998年4月）
絶対にやりたくない事。,aki：特になし。 / Kouichi：がまん。 / Junji：いっぱいある。 / Tomoi：かっこ悪いこと。,ROCKiT! No.30 (1998年4月）
ファンにしてあげたい事。,aki：心に残る歌を歌ってあげたい。 / Kouichi：ほんとは何でもしてあげたい。 / Junji：いっぱいある。 / Tomoi：いい音楽すること。,ROCKiT! No.30 (1998年4月）
映画、出演するなら演ずる役柄は。,aki：いい人。 / Kouichi：めんどうだから通行人。 / Junji：殺し屋。 / Tomoi：？,ROCKiT! No.30 (1998年4月）
追っかけへの対処方法。,aki：追っかけかえす。 / Kouichi：ノーガード戦法。 / Junji：なし。 / Tomoi：?,ROCKiT! No.30 (1998年4月）
ライヴ後の主な食事メニュー。,aki：その土地、地方のおいしい物、おいしいお酒。 / Kouichi：酒。 / Junji：食べない。 / Tomoi：うまければ何でも。,ROCKiT! No.30 (1998年4月）
ステージに投げ入れられてうれしい物。,aki：視線。 / Kouichi：声。 / Junji：花。 / Tomoi：何を投げられてもムカつく。ステージはそういう場所じゃない。,ROCKiT! No.30 (1998年4月）
現在のステージに加えて、こんな機材や物が備えてあれば便利だと思う物。,aki：クーラー。 / Kouichi：サイポーグKouichi / Junji：次のツアーから、新しいものを使います。お楽しみに。 TomolFƒ€[ƒrƒ“ƒOEƒ‰ƒCƒgEƒVƒXƒeƒ€BLowŠ´‚ðŽ¸‚í‚È‚¢ƒhƒ‰ƒ€‘äB \\\ / Tomoi：ムービング・ライト・システム。Low感を失わないドラム台。,ROCKiT! No.30 (1998年4月）
社会の出来事で、今一番関心のある事。,aki：別にない。 / Kouichi：ミサイル。 / Junji：ミサイル発射。 / Tomoi：行政改革。,ROCKiT! No.32 (1998年11月）
生まれてから一番影響を受けた人物。,aki：おやじ。 / Kouichi：両親？ / Junji：わからない。 / Tomoi：人間的には、親。音楽的には、ドラムの先生。,ROCKiT! No.32 (1998年11月）
外国、一番行ってみたい国。その理由。,aki：ない。 / Kouichi：ハワイ（海ガメ）。 / Junji：New York、行ってみたい。 / Tomoi：もう1回イギリス（ロンドン）。,ROCKiT! No.32 (1998年11月）
初めて行ったライヴはいつ、だれ。,aki：わすれた。 / Kouichi：海援隊。 / Junji：忘れた。 / Tomoi：WHAM。中2の時。,ROCKiT! No.32 (1998年11月）
影響を受けた日本のアーティスト。,aki：DEAD END、ガスタンク。 / Kouichi：特になし。 / Junji：ならさん。 / Tomoi：安全地帯、DEAD ENDなど多数。,ROCKiT! No.32 (1998年11月）
対談してみたいと思う海外のアーティスト。,aki：ない。 / Kouichi：いい人ならカークハメット。 / Junji：トム・ヨーク。 / Tomoi：特にいない。,ROCKiT! No.32 (1998年11月）
対談してみたいと思う日本のアーティスト。,aki：いない。 / Kouichi：対談より一緒にお酒を飲みたい人はたくさん。 / Junji：なし。 / Tomoi：特にいない。,ROCKiT! No.32 (1998年11月）
共演してみたいと思う日本のアーティスト。,aki：いない。 / Kouichi：共演より一緒にお酒を飲みたい人はたくさん。 / Junji：なし。 / Tomoi：SHUSEとモトリー・クルーのコピー。,ROCKiT! No.32 (1998年11月）
共演してみたいと思う海外のアーティスト。,aki：いない。 / Kouichi：ハワイのウミガメーン。 / Junji：トム・ヨーク。 / Tomoi：特にいない。,ROCKiT! No.32 (1998年11月）
カヴァーするなら誰のどの曲か。,aki：今は思い浮かばない。 / Kouichi：イングヴェイ（セブンス・サイン）。 / Junji：別に。 / Tomoi：DURAN DURANの「ニューレリジョン」。,ROCKiT! No.32 (1998年11月）
ロックに目覚めたとおぼしき年齢。,aki：中学生だったと思う。 / Kouichi：19. / Junji：16～17歲。 / Tomoi：13歳くらい。,ROCKiT! No.32 (1998年11月）
現在のバンドで、初めて人前で演った場所。,aki：名古屋MUSIC FARM。 / Kouichi：名古屋ハートランド。 / Junji：名古屋 MUSIC FARM。 / Tomoi：MUSIC FARM（名古屋）。,ROCKiT! No.32 (1998年11月）
最も印象に残っているライヴ。,aki：決められない。 / Kouichi：今回のクアトロ・サーキット。 / Junji：全部。 / Tomoi：'98.5.30 愛知県勤労会館。,ROCKiT! No.32 (1998年11月）
デビュー後最初に作詞&作曲した曲名。,aki：詞は全部、曲は「trance」。 / Kouichi：なし。 / Junji：[Move on Darkness Jo / Tomoi：BUZZを少し。,ROCKiT! No.32 (1998年11月）
自分達のアルバムを自宅で購くとしたら、いつ。,aki：レコーディング前後。 / Kouichi：特に決まっていない。 / Junji：TDのあと。 / Tomoi：ツアー前に思い出す為に・・・・・。,ROCKiT! No.32 (1998年11月）
プロになって失なったものとは。,aki：連休。 / Kouichi：時間。 / Junji：プライベートの自由。 / Tomoi：特にないと思うけど…・・・・。,ROCKiT! No.32 (1998年11月）
ライヴ曲目の決定方法。,aki：民主主義的メンバー投票。 / Kouichi：ほとんどaki。 / Junji：みんなで。 / Tomoi：みんなで相談。,ROCKiT! No.32 (1998年11月）
シャンプー＆リンスの使用製品名。,aki：セフティーのアミノクレアーレ・シャンプー、コンブリオ・トリートメント。 / Kouichi：スーパーリッチ。 / Junji：なんでもいい。 / Tomoi：植物物語。,ROCKiT! No.32 (1998年11月）
所持している靴の数とメインの形。,aki：数えたことないけどいっぱい。 / Kouichi：4～5、特になし。 / Junji：いっぱい。 / Tomoi：10足くらい。ヒールの高いブーツとかラバーとかスニーカーとか。,ROCKiT! No.32 (1998年11月）
女性、最初にどこを見る。,aki：顔。 / Kouichi：顏。 / Junji：顔。 / Tomoi：全体の雰囲気といいつつ顔。,ROCKiT! No.32 (1998年11月）
大人になった年齢。,aki：まだまだ子供。 / Kouichi：まだ。 / Junji：まだ。 / Tomoi：いつかな？,ROCKiT! No.32 (1998年11月）
好きな女性のタイプ、具体的に細かく。,aki：好きになった人。 / Kouichi：こればかりはフィーリング。 / Junji：直感。 / Tomoi：かわいい大人の女性。,ROCKiT! No.32 (1998年11月）
個人として、人生の到達目標。,aki：ない。 / Kouichi：常に満足はしないから、ないでしょう。 / Junji：なし。 / Tomoi：すっとドラムをたたくこと。,ROCKiT! No.32 (1998年11月）
バンドとして、理想とする到達目標。,aki：やりたい事をやり続ける。 / Kouichi：高いとしか言いようかないです。 / Junji：常にかっこよく。 / Tomoi：誰もが知ってるパンドになること。,ROCKiT! No.32 (1998年11月）
新曲がパンドとして形になるまでの所要時間。,aki：その曲による。 / Kouichi：まちまち。 / Junji：曲による。 / Tomoi：2日〜1年。,ROCKiT! No.32 (1998年11月）
自分のパート以外に、演りたいと思うパート。,aki：ない。 / Kouichi：Vo。 / Junji：DJ. / Tomoi：Guitar。,ROCKiT! No.32 (1998年11月）
ソロ活動をしてみたいか、とすればどんな形で。,aki：今は考えられない。 / Kouichi：今は考えられない。 / Junji：いずれ。 / Tomoi：今は思わない。,ROCKiT! No.32 (1998年11月）
ツアーで必ず行なう事（ライヴ以外で）。,aki：お酒を飲む。 / Kouichi：なし。 / Junji：なし。 / Tomoi：食べ歩き。,ROCKiT! No.32 (1998年11月）
ツアーで必ず行く所（会場＆ホテル以外で）。,aki：飲み屋。 / Kouichi：飲み屋。 / Junji：ネオン。 / Tomoi：ショットバー。,ROCKiT! No.32 (1998年11月）
自宅練習の際の防音対策。,aki：練習しない。 / Kouichi：ヘッドホン。 / Junji：なし。 / Tomoi：自宅では無理。,ROCKiT! No.32 (1998年11月）
ストレスor煮詰まりの解消法。,aki：飲んでねる。 / Kouichi：名古厦。 / Junji：なし。 / Tomoi：食べる。,ROCKiT! No.32 (1998年11月）
遅刻、その時の言い訳。,aki：「ごめんなさい」。 / Kouichi：金縛りにあっていた。 / Junji：なし。 / Tomoi：めったにしない。言い訳はしないで、素直に謝る。,ROCKiT! No.32 (1998年11月）
独り暮らしor共同生活で困る&不自由なこと。,aki：別にない。 / Kouichi：ゴミ。 / Junji：そうじ、洗濯。 / Tomoi：独→洗濯。共→プライベートがなくなる。,ROCKiT! No.32 (1998年11月）
給与額（手取り）。,aki：最近、時給が安くてこまってる。 / Kouichi：給料より仕送りの方が多い。 / Junji：？ / Tomoi：秘。,ROCKiT! No.32 (1998年11月）
就寝前、心地よく眠る為に必ず行なう事。,aki：飲む。 / Kouichi：バズ。 / Junji：音楽。 / Tomoi：めざましテレビを観る。,ROCKiT! No.32 (1998年11月）
食費が一日五百円、ならば何を食すか。,aki：何でもいい。 / Kouichi：酒。 / Junji：たばこ。 / Tomoi：自炊する。,ROCKiT! No.32 (1998年11月）
好きな味噌汁の具。,aki：きのこ。 / Kouichi：あげ。 / Junji：別に。 / Tomoi：あさり、大根、豆腐。,ROCKiT! No.32 (1998年11月）
カラオケ、レパートリーは。,aki：あんまり行かない。 / Kouichi：いろいろあるけど古い。 / Junji：なし。 / Tomoi：ない。,ROCKiT! No.32 (1998年11月）
酒のつまみ、手始め＆シメは何を。,aki：何でもいい。 / Kouichi：ビール、IWハーパー。 / Junji：ポテト。 / Tomoi：明太子とかチャンジャとか。,ROCKiT! No.32 (1998年11月）